"heart_rate","exercise_group"
82.0846740315335,"high intensity"
69.56902826209,"high intensity"
72.6437932380028,"high intensity"
78.1220683820147,"high intensity"
63.2547299726315,"high intensity"
70.6188547291285,"high intensity"
80.9100732845813,"high intensity"
60.2335367379061,"high intensity"
76.0122402892359,"high intensity"
66.4282675585765,"high intensity"
67.7172762201854,"high intensity"
82.27015520681,"high intensity"
67.6093534912291,"high intensity"
65.7103327878383,"high intensity"
65.2489392654865,"high intensity"
69.4829613857415,"high intensity"
70.4689252766562,"high intensity"
71.7047486458665,"high intensity"
73.9916696027573,"high intensity"
75.9533362716045,"high intensity"
58.3290567310471,"high intensity"
61.4494499469569,"high intensity"
69.1310012391473,"high intensity"
69.0530738829284,"high intensity"
66.6188420223805,"high intensity"
61.2087634238442,"high intensity"
70.8700918697514,"high intensity"
65.8909862454412,"high intensity"
77.3939496803991,"high intensity"
68.841160271805,"high intensity"
70.0903394445878,"high intensity"
61.9062153313685,"high intensity"
80.9813507361083,"high intensity"
62.6263498667392,"high intensity"
74.6378916947322,"high intensity"
85.8595353174267,"high intensity"
80.1249998117031,"high intensity"
55.3503888642181,"high intensity"
75.4533328619281,"high intensity"
65.8743001393261,"high intensity"
62.5694109572727,"high intensity"
57.1224415346578,"high intensity"
75.2648117985354,"high intensity"
64.6195700956242,"high intensity"
76.2864715509762,"high intensity"
84.1885562028585,"high intensity"
58.8624605080036,"high intensity"
70.780738957878,"high intensity"
62.2944450714592,"high intensity"
83.4055590601554,"high intensity"
74.7611951525922,"high intensity"
49.1973810581991,"high intensity"
68.1560800612437,"high intensity"
59.7043827571369,"high intensity"
79.5675054780554,"high intensity"
60.7876787637288,"high intensity"
77.537794887292,"high intensity"
77.5357141317147,"high intensity"
65.7622235184667,"high intensity"
70.3408679110341,"high intensity"
67.4237310485625,"high intensity"
66.7252172181022,"high intensity"
56.1595305285768,"high intensity"
67.5718134491026,"high intensity"
60.5055075638827,"high intensity"
66.3431859201439,"high intensity"
57.8897262728617,"high intensity"
56.7199617366815,"high intensity"
87.0598561867312,"high intensity"
74.5347182931204,"high intensity"
60.2752524814521,"high intensity"
81.8182635759376,"high intensity"
50.007047650823,"high intensity"
76.6794181824049,"high intensity"
84.0313153905816,"high intensity"
63.8735317661091,"high intensity"
66.4599125269024,"high intensity"
87.0127928885421,"high intensity"
66.8678082363445,"high intensity"
62.8413995132856,"high intensity"
68.7929139325438,"high intensity"
76.1194444345404,"high intensity"
78.4730289133309,"high intensity"
59.8526870631878,"high intensity"
93.5769392764519,"high intensity"
72.3669924000354,"high intensity"
67.9436874595728,"high intensity"
76.0421067201072,"high intensity"
58.81524235592,"high intensity"
60.1882642401236,"high intensity"
57.419975648483,"high intensity"
80.9743275254262,"high intensity"
79.5724995438362,"high intensity"
55.6283726842654,"high intensity"
57.9672855254456,"high intensity"
77.3705896948754,"high intensity"
62.1654834503021,"high intensity"
61.9210525802879,"high intensity"
60.5415486972468,"high intensity"
87.0952562497078,"high intensity"
87.2257973655686,"high intensity"
71.8821187079134,"high intensity"
59.9222377102252,"high intensity"
71.1350683484144,"high intensity"
75.3591284571833,"high intensity"
70.1474061889102,"high intensity"
53.7078325386415,"high intensity"
70.6357176038749,"high intensity"
67.5200863004169,"high intensity"
61.254418924548,"high intensity"
74.8578035739774,"high intensity"
53.3197328347409,"high intensity"
65.0955402010888,"high intensity"
74.5177340510037,"high intensity"
75.1551350912609,"high intensity"
48.2470721590848,"high intensity"
64.0281376930587,"high intensity"
67.2822268818522,"high intensity"
75.1547270276595,"high intensity"
70.1898764502359,"high intensity"
48.8276345255293,"high intensity"
77.3444189841601,"high intensity"
56.3871104740381,"high intensity"
65.9950860855793,"high intensity"
71.4571629995002,"high intensity"
66.715670691151,"high intensity"
79.8651697641579,"high intensity"
72.1562462710786,"high intensity"
59.6757450206094,"high intensity"
80.2633620823938,"high intensity"
74.0412064060623,"high intensity"
63.0774807746699,"high intensity"
50.8316472595866,"high intensity"
83.1470791743718,"high intensity"
69.7650128504116,"high intensity"
69.5155659563772,"high intensity"
69.5679726129854,"high intensity"
64.2423419021114,"high intensity"
83.3264485215252,"high intensity"
71.6983011295125,"high intensity"
75.142209926133,"high intensity"
64.7722109152126,"high intensity"
67.4278489616214,"high intensity"
53.1256559524733,"high intensity"
69.5328379664708,"high intensity"
70.7971321079437,"high intensity"
75.0273711011201,"high intensity"
75.4494135673763,"high intensity"
57.4128263898638,"high intensity"
72.3694322637961,"high intensity"
73.3119342706616,"high intensity"
63.4962890573042,"high intensity"
66.1353051113467,"high intensity"
45.383781078636,"high intensity"
56.651706976509,"high intensity"
62.7044937554327,"high intensity"
69.5897523717683,"high intensity"
76.7426371697883,"high intensity"
82.4953846400479,"high intensity"
73.3763165733459,"high intensity"
68.78712373803,"high intensity"
74.5830315472005,"high intensity"
71.8332460191333,"high intensity"
67.7753056625154,"high intensity"
89.9129581373782,"high intensity"
68.4725881903811,"high intensity"
67.072689364611,"high intensity"
74.0923425073632,"high intensity"
82.5680940327578,"high intensity"
64.8219251226537,"high intensity"
79.5636607387803,"high intensity"
72.0370118777774,"high intensity"
50.9662746534276,"high intensity"
59.6533144142934,"high intensity"
71.6880703219506,"high intensity"
74.699801681219,"high intensity"
68.2921047315244,"high intensity"
68.2433552835517,"high intensity"
64.5999065494174,"high intensity"
82.8786354740777,"high intensity"
90.7537955285071,"high intensity"
56.6472460199921,"high intensity"
75.7486243328269,"high intensity"
76.9682431991784,"high intensity"
81.8297775854713,"high intensity"
62.9195348702906,"high intensity"
54.2942962687631,"high intensity"
65.9903024589076,"high intensity"
83.2739279425495,"high intensity"
71.628705866319,"high intensity"
63.670815532783,"high intensity"
62.316982271385,"high intensity"
75.2601996860057,"high intensity"
71.7118832809589,"high intensity"
80.7918882724996,"high intensity"
74.8350202507536,"high intensity"
69.8428243583729,"high intensity"
62.5337545281205,"high intensity"
63.9737531727134,"high intensity"
83.1827035127283,"high intensity"
59.2374226037545,"high intensity"
67.2519691308476,"high intensity"
67.7908351983773,"high intensity"
88.9413722894652,"high intensity"
69.3244834563079,"high intensity"
67.2301424156831,"high intensity"
73.3619130773607,"high intensity"
79.2074902909152,"high intensity"
63.8840058936248,"high intensity"
75.8637261468066,"high intensity"
67.4858376583384,"high intensity"
48.4290284952242,"high intensity"
74.873309346607,"high intensity"
58.5550431291874,"high intensity"
62.9164287319336,"high intensity"
71.7527696021118,"high intensity"
67.185628645469,"high intensity"
53.3077765227076,"high intensity"
65.741369236827,"high intensity"
68.3737460447925,"high intensity"
84.4703272951909,"high intensity"
81.9947906648223,"high intensity"
77.9957925844496,"high intensity"
63.5865919967865,"high intensity"
83.0042293858696,"high intensity"
61.4474884763857,"high intensity"
60.6206590283189,"high intensity"
68.3361562877544,"high intensity"
65.643147282845,"high intensity"
56.3384303440913,"high intensity"
52.4320405375489,"high intensity"
59.0160734658836,"high intensity"
70.7156854875401,"high intensity"
70.2033200330111,"high intensity"
68.9910870131657,"high intensity"
65.5467033648285,"high intensity"
75.8670349034047,"high intensity"
73.2606421680021,"high intensity"
68.1245077081372,"high intensity"
73.619240537785,"high intensity"
66.0888487571034,"high intensity"
65.8600471115525,"high intensity"
63.9830913346177,"high intensity"
74.5796382066131,"high intensity"
63.8824281348315,"high intensity"
86.728208307648,"high intensity"
73.9808226888931,"high intensity"
67.7216749220289,"high intensity"
73.41558247017,"high intensity"
57.9350937776518,"high intensity"
80.1885348874171,"high intensity"
48.9883321618966,"high intensity"
90.5937333777916,"high intensity"
53.3556544212268,"high intensity"
59.2542534687609,"high intensity"
71.9509416381631,"high intensity"
79.7088047750131,"high intensity"
74.4470049725987,"high intensity"
84.0825073973735,"high intensity"
64.9383568362063,"high intensity"
58.4109465624748,"high intensity"
46.8251352743625,"high intensity"
73.5033526952733,"high intensity"
60.7469834915078,"high intensity"
61.4067691651378,"high intensity"
73.773006332046,"high intensity"
61.7031722335939,"high intensity"
68.4700633274396,"high intensity"
94.1167301377257,"high intensity"
62.9647927439516,"high intensity"
67.5654886640968,"high intensity"
76.7174295160826,"high intensity"
72.8131041738719,"high intensity"
67.2834867269759,"high intensity"
78.3500305047162,"high intensity"
71.7551417263286,"high intensity"
66.7154409518108,"high intensity"
69.7630130892062,"high intensity"
57.0142893660475,"high intensity"
86.9749477599556,"high intensity"
82.6838304684093,"high intensity"
80.7613284486383,"high intensity"
83.6961283668689,"high intensity"
60.4184967098059,"high intensity"
59.2725058730831,"high intensity"
51.5543556020653,"high intensity"
97.5024696336131,"high intensity"
68.659377227093,"high intensity"
85.6030308362458,"high intensity"
65.8404706290707,"high intensity"
72.4520995629809,"high intensity"
64.848335321207,"high intensity"
60.8230094422979,"high intensity"
57.4041082284538,"high intensity"
69.2877880187547,"high intensity"
62.4868281743909,"high intensity"
80.1253461612832,"high intensity"
44.7737956844247,"high intensity"
75.628792265942,"high intensity"
63.0354235642509,"high intensity"
74.4873529556166,"high intensity"
57.8845730918935,"high intensity"
72.3357064116241,"high intensity"
76.7160321338662,"high intensity"
67.5791967557695,"high intensity"
70.7443798195238,"high intensity"
65.8537522552852,"high intensity"
64.2404867462941,"high intensity"
63.3193877815192,"high intensity"
85.9376452010421,"high intensity"
78.4083618941599,"high intensity"
82.7669269389347,"high intensity"
61.0643502693893,"high intensity"
78.8904696820025,"high intensity"
81.6296928691275,"high intensity"
71.9152770707411,"high intensity"
58.0718556537199,"high intensity"
84.0746755139485,"high intensity"
65.4042048909607,"high intensity"
76.6594952458472,"high intensity"
61.6197162646269,"high intensity"
62.5468784857988,"high intensity"
70.0821257601709,"high intensity"
49.5570919006456,"high intensity"
62.649882783264,"high intensity"
70.1012710047939,"high intensity"
70.2629257883849,"high intensity"
63.2338300142712,"high intensity"
78.9438881386633,"high intensity"
63.0294350844368,"high intensity"
57.4542052116534,"high intensity"
67.241819101718,"high intensity"
86.3970214096304,"high intensity"
63.1327364083064,"high intensity"
73.2332857950933,"high intensity"
66.5122739760646,"high intensity"
61.4310861360286,"high intensity"
75.8082525461067,"high intensity"
67.7838954570973,"high intensity"
59.4398251540548,"high intensity"
65.7645208146278,"high intensity"
69.3711718539066,"high intensity"
46.5579909156808,"high intensity"
74.9341462813213,"high intensity"
78.9423035567935,"high intensity"
53.0228168084511,"high intensity"
45.6620296401431,"high intensity"
79.3211506701652,"high intensity"
66.4741579355721,"high intensity"
58.6335735624642,"high intensity"
64.3805406680269,"high intensity"
68.3043776010626,"high intensity"
72.4855488575902,"high intensity"
52.5953148046994,"high intensity"
68.9947873068743,"high intensity"
64.820928903584,"high intensity"
72.6702544395225,"high intensity"
79.1321779741251,"high intensity"
80.5200520943286,"high intensity"
60.3042287387241,"high intensity"
61.4665788638394,"high intensity"
58.9889733464634,"high intensity"
56.1327047934707,"high intensity"
73.6435036173646,"high intensity"
47.4055235977007,"high intensity"
58.9095354966034,"high intensity"
70.4864270869543,"high intensity"
69.2907026180906,"high intensity"
65.7142008543295,"high intensity"
48.5231918358693,"high intensity"
65.9797961012029,"high intensity"
76.8045425357569,"high intensity"
77.7273601114696,"high intensity"
67.8580959876178,"high intensity"
61.1475480243874,"high intensity"
60.8717581531532,"high intensity"
76.5833770413437,"high intensity"
75.3823600459144,"high intensity"
64.5843475066918,"high intensity"
77.2268115433939,"high intensity"
81.6348444981575,"high intensity"
66.4778422839712,"high intensity"
59.6839773781155,"high intensity"
70.6807517743555,"high intensity"
74.4737552357286,"high intensity"
69.2800463865883,"high intensity"
62.3214690505012,"high intensity"
65.5925641448438,"high intensity"
83.5317611735572,"high intensity"
67.5523665570572,"high intensity"
73.6478457124361,"high intensity"
69.0539677427057,"high intensity"
62.2478567465269,"high intensity"
67.6938624669121,"high intensity"
72.840018771684,"high intensity"
77.6804063106623,"high intensity"
61.6931725730441,"high intensity"
48.0439628139829,"high intensity"
76.0297459291496,"high intensity"
79.1438675743872,"high intensity"
50.9141698036114,"high intensity"
88.9687288136607,"high intensity"
53.3936187408476,"high intensity"
65.4252885449727,"high intensity"
55.7615373210216,"high intensity"
67.7089726709266,"high intensity"
72.1496994046386,"high intensity"
67.3516699124088,"high intensity"
57.7078028114198,"high intensity"
83.850303733835,"high intensity"
80.9083580921053,"high intensity"
68.3491791754634,"high intensity"
72.1817785907994,"high intensity"
62.8706445583737,"high intensity"
73.5008368483681,"high intensity"
59.2988860707551,"high intensity"
78.8718012941098,"high intensity"
67.7463426390078,"high intensity"
41.4033751366007,"high intensity"
61.843694170699,"high intensity"
63.8716008469899,"high intensity"
85.5903817886085,"high intensity"
54.2329478426032,"high intensity"
67.7682391832456,"high intensity"
87.3902985896582,"high intensity"
68.802472761925,"high intensity"
66.9424903827523,"high intensity"
67.107417997605,"high intensity"
58.1022501769976,"high intensity"
82.62778281355,"high intensity"
73.2671377985849,"high intensity"
60.3239127029753,"high intensity"
55.8802904582714,"high intensity"
83.2591706027499,"high intensity"
56.4505786745145,"high intensity"
68.0111530952805,"high intensity"
72.9303943085915,"high intensity"
49.1177264369059,"high intensity"
73.3586191604378,"high intensity"
75.2736023520898,"high intensity"
66.0243716818021,"high intensity"
60.0314205548511,"high intensity"
48.0224230961652,"high intensity"
60.3776879220906,"high intensity"
55.6192340344959,"high intensity"
84.8068507191225,"high intensity"
57.1586041364216,"high intensity"
75.1270180701997,"high intensity"
72.5516005220014,"high intensity"
65.6850603058708,"high intensity"
73.2429584940495,"high intensity"
79.9916262018379,"high intensity"
69.7926236742946,"high intensity"
85.9496712852754,"high intensity"
77.8065425681613,"high intensity"
72.6464948651572,"high intensity"
68.4341005422638,"high intensity"
56.1516244029071,"high intensity"
64.0001071652176,"high intensity"
66.1148876310238,"high intensity"
61.5657064419504,"high intensity"
81.3896849721606,"high intensity"
65.459148376863,"high intensity"
89.2380076598222,"high intensity"
77.3757897199586,"high intensity"
78.855332657697,"high intensity"
69.2975983480131,"high intensity"
55.375201486023,"high intensity"
81.5423574153408,"high intensity"
63.7636991667822,"high intensity"
76.0776638046652,"high intensity"
69.9819751253965,"high intensity"
69.7551196424178,"high intensity"
45.1869058922879,"high intensity"
71.7085137119349,"high intensity"
74.9418950960861,"high intensity"
89.87617151091,"high intensity"
68.7589770044473,"high intensity"
68.7005241193175,"high intensity"
81.9912809798265,"high intensity"
68.8619673668184,"high intensity"
69.4060977079913,"high intensity"
71.7586127387427,"high intensity"
83.3180972861351,"high intensity"
54.7085916431304,"high intensity"
71.6359380789987,"high intensity"
73.81839841646,"high intensity"
73.987841632403,"high intensity"
60.3056753678583,"high intensity"
71.2734969532374,"high intensity"
60.0497066192742,"high intensity"
61.4331147152786,"high intensity"
58.4227475428729,"high intensity"
70.6315522081025,"high intensity"
60.6744685531781,"high intensity"
54.8922424734633,"high intensity"
69.0462426084193,"high intensity"
60.0394058969063,"high intensity"
69.7885858067565,"high intensity"
75.9031893783124,"high intensity"
73.8409892940043,"high intensity"
59.5300384947734,"high intensity"
78.7342939205522,"high intensity"
63.1832235496569,"high intensity"
47.5750870708854,"high intensity"
68.9165921769568,"high intensity"
52.1102720386248,"high intensity"
71.9840460427052,"high intensity"
91.244596815297,"high intensity"
75.6652870773542,"high intensity"
72.4448758995839,"high intensity"
51.8839042472858,"high intensity"
78.3262503572741,"high intensity"
67.4353423403099,"high intensity"
85.7170480519538,"high intensity"
58.6263736733358,"high intensity"
56.8478160121479,"high intensity"
47.2919523653713,"high intensity"
79.9045422134956,"high intensity"
88.6443900524086,"high intensity"
71.7399414352446,"high intensity"
54.2341455073383,"high intensity"
63.3914016041662,"moderate intensity"
80.8447433984172,"moderate intensity"
59.7603491540848,"moderate intensity"
50.8712278441511,"moderate intensity"
79.5169503880906,"moderate intensity"
76.3251045836986,"moderate intensity"
88.6231816790388,"moderate intensity"
67.9517904535844,"moderate intensity"
53.9380693898103,"moderate intensity"
70.7922103194515,"moderate intensity"
73.2673478354436,"moderate intensity"
64.5958695958354,"moderate intensity"
69.2736776747205,"moderate intensity"
78.1677716734752,"moderate intensity"
78.8513585624614,"moderate intensity"
53.859432499239,"moderate intensity"
73.6902345637331,"moderate intensity"
66.7250006854462,"moderate intensity"
80.5265494224388,"moderate intensity"
67.7066716719071,"moderate intensity"
70.1869025364686,"moderate intensity"
71.2881084575345,"moderate intensity"
74.6997854552643,"moderate intensity"
61.2250730859519,"moderate intensity"
67.661618652546,"moderate intensity"
54.9354409613621,"moderate intensity"
66.2910655068246,"moderate intensity"
83.9522015814736,"moderate intensity"
81.4902662986462,"moderate intensity"
72.5186928190251,"moderate intensity"
65.4879512361009,"moderate intensity"
67.4238484128557,"moderate intensity"
52.9071678898145,"moderate intensity"
62.4020990371872,"moderate intensity"
79.7059173294282,"moderate intensity"
78.6750072554868,"moderate intensity"
48.5632191731331,"moderate intensity"
77.4931834787559,"moderate intensity"
77.7374266730638,"moderate intensity"
62.2003456290639,"moderate intensity"
67.6375477143672,"moderate intensity"
67.4063101328156,"moderate intensity"
68.6116337460168,"moderate intensity"
69.3776195362069,"moderate intensity"
75.5529766470083,"moderate intensity"
64.1100927041221,"moderate intensity"
61.0170556736593,"moderate intensity"
73.5336956074465,"moderate intensity"
69.4213877143216,"moderate intensity"
68.2514731953097,"moderate intensity"
56.8357227995327,"moderate intensity"
69.6277074642201,"moderate intensity"
80.9606310864566,"moderate intensity"
63.5761223160609,"moderate intensity"
72.4052947265012,"moderate intensity"
70.9284833534342,"moderate intensity"
68.5947694859634,"moderate intensity"
58.712220969222,"moderate intensity"
61.025423926898,"moderate intensity"
66.5863131319692,"moderate intensity"
66.5439378885333,"moderate intensity"
67.72890221993,"moderate intensity"
73.6709233667487,"moderate intensity"
64.5467063991048,"moderate intensity"
64.2523650463762,"moderate intensity"
81.4414797153263,"moderate intensity"
83.6123808913104,"moderate intensity"
75.2875686954101,"moderate intensity"
86.2997089344217,"moderate intensity"
78.1060365418783,"moderate intensity"
72.8916916625389,"moderate intensity"
77.7810118444063,"moderate intensity"
73.9625121183045,"moderate intensity"
93.2450283002514,"moderate intensity"
94.8227001289136,"moderate intensity"
67.4688991811656,"moderate intensity"
78.7861149711039,"moderate intensity"
71.3298456553754,"moderate intensity"
81.4292022816735,"moderate intensity"
65.7899644507501,"moderate intensity"
66.5838052806556,"moderate intensity"
69.529868940007,"moderate intensity"
80.5336104589169,"moderate intensity"
61.4422611676272,"moderate intensity"
47.188047128574,"moderate intensity"
65.705730433056,"moderate intensity"
75.40040817413,"moderate intensity"
59.0423123177226,"moderate intensity"
74.004048236056,"moderate intensity"
76.6061348405805,"moderate intensity"
72.1992376179614,"moderate intensity"
81.6518234321187,"moderate intensity"
69.9001401274307,"moderate intensity"
52.5944346991379,"moderate intensity"
76.1515651834933,"moderate intensity"
59.1656678089907,"moderate intensity"
68.2347202175383,"moderate intensity"
77.0163380765791,"moderate intensity"
62.7014856505525,"moderate intensity"
56.1536197176214,"moderate intensity"
73.5103112210197,"moderate intensity"
51.9290808038653,"moderate intensity"
76.2772067548916,"moderate intensity"
55.4137623750684,"moderate intensity"
75.9558395880216,"moderate intensity"
53.1785465577573,"moderate intensity"
59.0857934469044,"moderate intensity"
51.2677328571837,"moderate intensity"
61.3667777599884,"moderate intensity"
92.16373505672,"moderate intensity"
81.7831834911007,"moderate intensity"
78.8574431112216,"moderate intensity"
71.9811442191769,"moderate intensity"
59.801738612268,"moderate intensity"
65.2056309074841,"moderate intensity"
78.3887489099725,"moderate intensity"
57.6684557817462,"moderate intensity"
78.4122140299176,"moderate intensity"
83.1105908100277,"moderate intensity"
67.9619557268315,"moderate intensity"
69.0478911422953,"moderate intensity"
75.567364033754,"moderate intensity"
68.4457319899732,"moderate intensity"
64.5975475259703,"moderate intensity"
71.5128050661272,"moderate intensity"
73.4581869014043,"moderate intensity"
63.0152870913624,"moderate intensity"
86.5786799098923,"moderate intensity"
76.1919531949198,"moderate intensity"
78.9235950682186,"moderate intensity"
95.5955885998037,"moderate intensity"
73.8189083843624,"moderate intensity"
84.6760461136804,"moderate intensity"
84.2112794555667,"moderate intensity"
81.0461593858224,"moderate intensity"
60.2836564206387,"moderate intensity"
68.3395002277836,"moderate intensity"
56.2820982688578,"moderate intensity"
93.4932883059971,"moderate intensity"
68.2767420558286,"moderate intensity"
72.88420303294,"moderate intensity"
63.3430394623843,"moderate intensity"
57.0194900085783,"moderate intensity"
82.6972288769197,"moderate intensity"
74.9375356753953,"moderate intensity"
78.0206918105113,"moderate intensity"
78.3189787640942,"moderate intensity"
64.8183442446683,"moderate intensity"
61.6389552184874,"moderate intensity"
49.5973701924368,"moderate intensity"
81.7611990990713,"moderate intensity"
72.5434400749314,"moderate intensity"
84.5508290329306,"moderate intensity"
75.1940152598181,"moderate intensity"
45.5060073544728,"moderate intensity"
69.2020217445691,"moderate intensity"
62.1553740672677,"moderate intensity"
70.6810964252873,"moderate intensity"
71.6118757365982,"moderate intensity"
66.5694050381718,"moderate intensity"
82.7592882293134,"moderate intensity"
63.5026827152519,"moderate intensity"
69.2962076259189,"moderate intensity"
72.4975976042858,"moderate intensity"
77.0638277455379,"moderate intensity"
75.0541733286424,"moderate intensity"
75.5851366523866,"moderate intensity"
66.9612537724327,"moderate intensity"
75.9962826140876,"moderate intensity"
72.5260239775054,"moderate intensity"
61.6569177956664,"moderate intensity"
67.4894239858499,"moderate intensity"
53.3915645310371,"moderate intensity"
77.4671875132335,"moderate intensity"
58.3560825663511,"moderate intensity"
78.0684516533408,"moderate intensity"
74.6545215079694,"moderate intensity"
68.6179849501082,"moderate intensity"
62.004598116757,"moderate intensity"
77.0988810317885,"moderate intensity"
60.3084471824899,"moderate intensity"
45.4190675109949,"moderate intensity"
90.256397583856,"moderate intensity"
68.8645059675734,"moderate intensity"
75.2922223680875,"moderate intensity"
42.8835906788453,"moderate intensity"
80.3343100333566,"moderate intensity"
71.0673888248868,"moderate intensity"
84.6089987867204,"moderate intensity"
82.5667915445397,"moderate intensity"
47.9518104548524,"moderate intensity"
71.9391958108743,"moderate intensity"
76.1856727418385,"moderate intensity"
68.107933203425,"moderate intensity"
57.4230125393073,"moderate intensity"
72.682085917862,"moderate intensity"
78.0444889403996,"moderate intensity"
71.8629413265245,"moderate intensity"
72.2703793588629,"moderate intensity"
87.311889166726,"moderate intensity"
66.5374979478979,"moderate intensity"
76.2203353615118,"moderate intensity"
88.7086601659934,"moderate intensity"
62.4198805019622,"moderate intensity"
83.4219258687827,"moderate intensity"
40.3315342104883,"moderate intensity"
53.875682532861,"moderate intensity"
66.5490737450593,"moderate intensity"
82.2985012556339,"moderate intensity"
67.5499238813895,"moderate intensity"
70.1606489064157,"moderate intensity"
72.4154802890668,"moderate intensity"
72.5323722789975,"moderate intensity"
77.5529760535454,"moderate intensity"
74.1253270017173,"moderate intensity"
82.7355051529276,"moderate intensity"
68.8520309530259,"moderate intensity"
78.3317601259359,"moderate intensity"
59.2625246599139,"moderate intensity"
65.2646552107745,"moderate intensity"
73.101053361324,"moderate intensity"
59.5995535216371,"moderate intensity"
48.0706555546797,"moderate intensity"
76.4704537817325,"moderate intensity"
76.1867257782575,"moderate intensity"
42.4015989767018,"moderate intensity"
63.4355368769342,"moderate intensity"
55.0664653048384,"moderate intensity"
70.5528793634747,"moderate intensity"
81.0728770753942,"moderate intensity"
65.5020669758241,"moderate intensity"
72.7360969310563,"moderate intensity"
81.9145196031723,"moderate intensity"
72.8045561149476,"moderate intensity"
63.4042674793346,"moderate intensity"
74.1004443145327,"moderate intensity"
63.1401243987889,"moderate intensity"
72.7866829187612,"moderate intensity"
70.7662869796311,"moderate intensity"
60.0079730524395,"moderate intensity"
75.6170542729438,"moderate intensity"
72.2318535412147,"moderate intensity"
53.9986014248434,"moderate intensity"
65.6621178919943,"moderate intensity"
85.8658019152308,"moderate intensity"
80.2508678643105,"moderate intensity"
81.4417602931168,"moderate intensity"
78.7822984662149,"moderate intensity"
58.5765243843372,"moderate intensity"
56.0895894619431,"moderate intensity"
69.7979039950483,"moderate intensity"
72.1939501744392,"moderate intensity"
67.7118284556805,"moderate intensity"
87.0638536077533,"moderate intensity"
52.3900447775675,"moderate intensity"
87.6459092311858,"moderate intensity"
53.3644246551646,"moderate intensity"
74.4220151778449,"moderate intensity"
72.3690824752052,"moderate intensity"
66.4989178579014,"moderate intensity"
58.1296819264983,"moderate intensity"
66.5486116634085,"moderate intensity"
73.018087890463,"moderate intensity"
67.0983473664315,"moderate intensity"
87.3246933907925,"moderate intensity"
75.4449172524876,"moderate intensity"
71.5997544949733,"moderate intensity"
59.8942620066441,"moderate intensity"
71.0329055977896,"moderate intensity"
68.4399590069894,"moderate intensity"
75.6977082450335,"moderate intensity"
92.6606508661077,"moderate intensity"
78.3471775855738,"moderate intensity"
73.1290499510813,"moderate intensity"
72.1464239663061,"moderate intensity"
68.4698977023956,"moderate intensity"
60.4566918251692,"moderate intensity"
79.066396772971,"moderate intensity"
67.0529046690521,"moderate intensity"
51.5141131000874,"moderate intensity"
92.3816273614486,"moderate intensity"
76.3060540039111,"moderate intensity"
71.1596908809871,"moderate intensity"
55.7543451372306,"moderate intensity"
47.7144532909705,"moderate intensity"
74.4445504355611,"moderate intensity"
68.7322545777346,"moderate intensity"
89.5456879721638,"moderate intensity"
73.081569566072,"moderate intensity"
70.2808276746699,"moderate intensity"
68.4310920064406,"moderate intensity"
68.9421937794346,"moderate intensity"
73.914873621068,"moderate intensity"
58.943948571368,"moderate intensity"
69.0525437380228,"moderate intensity"
76.7560975841515,"moderate intensity"
64.5807040408882,"moderate intensity"
71.146514238019,"moderate intensity"
68.2342403993128,"moderate intensity"
77.0097370278532,"moderate intensity"
73.8117597508434,"moderate intensity"
74.2398489759263,"moderate intensity"
65.1794533752709,"moderate intensity"
76.3586917239551,"moderate intensity"
83.432583003043,"moderate intensity"
78.2127006932673,"moderate intensity"
67.8143185500622,"moderate intensity"
67.661524255406,"moderate intensity"
75.2663094490832,"moderate intensity"
63.3539701967957,"moderate intensity"
78.961329905174,"moderate intensity"
78.6795221572708,"moderate intensity"
62.8350621928284,"moderate intensity"
72.4299916175647,"moderate intensity"
76.7791482584874,"moderate intensity"
70.0850300160468,"moderate intensity"
56.5581081842032,"moderate intensity"
80.9298160018139,"moderate intensity"
67.5962893275068,"moderate intensity"
85.7346426850877,"moderate intensity"
76.8207899817798,"moderate intensity"
53.5908161713108,"moderate intensity"
61.0378272751997,"moderate intensity"
60.0520404831843,"moderate intensity"
75.4318519257812,"moderate intensity"
77.7559930848689,"moderate intensity"
72.4232247510321,"moderate intensity"
64.7426266749918,"moderate intensity"
87.179615863196,"moderate intensity"
73.5152339917907,"moderate intensity"
62.3624510504252,"moderate intensity"
62.8712117918629,"moderate intensity"
73.679743430813,"moderate intensity"
68.833686902425,"moderate intensity"
73.5743416130564,"moderate intensity"
74.6366494171195,"moderate intensity"
73.4698733752048,"moderate intensity"
80.4167531140995,"moderate intensity"
70.9393987841825,"moderate intensity"
66.6019099537402,"moderate intensity"
79.9102380229866,"moderate intensity"
68.4266475108879,"moderate intensity"
82.1865571851706,"moderate intensity"
79.381573909281,"moderate intensity"
69.1824451427236,"moderate intensity"
72.1902139529736,"moderate intensity"
63.0140493144301,"moderate intensity"
66.0462844340132,"moderate intensity"
58.5806996362906,"moderate intensity"
74.0848217803655,"moderate intensity"
76.6788708132051,"moderate intensity"
74.2592792864353,"moderate intensity"
80.3171389080859,"moderate intensity"
67.3727268055673,"moderate intensity"
74.7448917811131,"moderate intensity"
67.6089665658227,"moderate intensity"
77.3916407798643,"moderate intensity"
65.5472076525444,"moderate intensity"
97.315189006121,"moderate intensity"
66.4582671822508,"moderate intensity"
45.2117397655769,"moderate intensity"
57.6426454543934,"moderate intensity"
70.7819524777158,"moderate intensity"
71.2400538466944,"moderate intensity"
73.1973892797818,"moderate intensity"
67.9336552777495,"moderate intensity"
74.9248001224556,"moderate intensity"
76.9520022812618,"moderate intensity"
78.3137952431126,"moderate intensity"
94.2205925655897,"moderate intensity"
71.2422237011738,"moderate intensity"
60.0382491268511,"moderate intensity"
73.1970319961163,"moderate intensity"
78.13983282053,"moderate intensity"
82.105802784572,"moderate intensity"
69.9438459004494,"moderate intensity"
62.1249292075454,"moderate intensity"
77.9563015640723,"moderate intensity"
76.9833871926139,"moderate intensity"
73.0947208333262,"moderate intensity"
54.6946422725737,"moderate intensity"
75.6946061512165,"moderate intensity"
49.0514384612505,"moderate intensity"
64.4000269311508,"moderate intensity"
67.6976152300263,"moderate intensity"
78.7355066174091,"moderate intensity"
78.2405322528811,"moderate intensity"
79.3288435032141,"moderate intensity"
61.5272492215512,"moderate intensity"
76.623793159073,"moderate intensity"
76.8199277154982,"moderate intensity"
68.17685589725,"moderate intensity"
68.2779575825678,"moderate intensity"
68.6776834527095,"moderate intensity"
73.7702573086538,"moderate intensity"
75.1463022177261,"moderate intensity"
62.7866891861263,"moderate intensity"
74.9053224765615,"moderate intensity"
66.1698753045507,"moderate intensity"
74.7375452206061,"moderate intensity"
64.0889174770797,"moderate intensity"
73.4341130968978,"moderate intensity"
85.6832887575177,"moderate intensity"
75.673987749988,"moderate intensity"
50.1262836171933,"moderate intensity"
65.76019045783,"moderate intensity"
49.5516710441931,"moderate intensity"
40.5366966130999,"moderate intensity"
60.7777087187458,"moderate intensity"
89.0971731580042,"moderate intensity"
38.6692689225322,"moderate intensity"
65.9259089950398,"moderate intensity"
83.4038631486987,"moderate intensity"
58.8490158792246,"moderate intensity"
65.4767425477607,"moderate intensity"
73.3131510079447,"moderate intensity"
87.3813458566663,"moderate intensity"
62.3896018867514,"moderate intensity"
77.0832137098698,"moderate intensity"
77.4606312996952,"moderate intensity"
74.95167063181,"moderate intensity"
69.4372824035084,"moderate intensity"
58.0793754117885,"moderate intensity"
66.8939411441615,"moderate intensity"
87.4711556635633,"moderate intensity"
78.0020211005373,"moderate intensity"
73.4708210085781,"moderate intensity"
40.4246037428045,"moderate intensity"
64.4544536002746,"moderate intensity"
74.9144753726619,"moderate intensity"
66.4274975756843,"moderate intensity"
86.1490259899368,"moderate intensity"
68.3560827815488,"moderate intensity"
66.3161794537737,"moderate intensity"
83.4443902529424,"moderate intensity"
72.7883562764381,"moderate intensity"
71.5597015060164,"moderate intensity"
42.2103876255906,"moderate intensity"
68.0187545287134,"moderate intensity"
64.7538098061162,"moderate intensity"
62.2022375832481,"moderate intensity"
69.0414631369847,"moderate intensity"
78.1979881002543,"moderate intensity"
79.1852601479506,"moderate intensity"
75.7960554769201,"moderate intensity"
70.9604048487773,"moderate intensity"
65.8206528783257,"moderate intensity"
56.420409537578,"moderate intensity"
55.8996463565795,"moderate intensity"
69.6293256053074,"moderate intensity"
76.7353456862749,"moderate intensity"
65.9937869951255,"moderate intensity"
92.3277070202079,"moderate intensity"
64.1244352483098,"moderate intensity"
51.3547996510246,"moderate intensity"
70.0781934766464,"moderate intensity"
69.2159929179152,"moderate intensity"
54.9848351000204,"moderate intensity"
78.4773530191971,"moderate intensity"
70.422114771071,"moderate intensity"
59.8454436672991,"moderate intensity"
74.7737171688402,"moderate intensity"
58.0662394781159,"moderate intensity"
73.9300878623658,"moderate intensity"
82.041705079239,"moderate intensity"
71.8778305536413,"moderate intensity"
68.3384535123607,"moderate intensity"
63.3749291920823,"moderate intensity"
75.1312928307132,"moderate intensity"
68.8020950863539,"moderate intensity"
76.1501500561644,"moderate intensity"
82.5214612999241,"moderate intensity"
67.7316647164514,"moderate intensity"
68.7421657766726,"moderate intensity"
70.728437340174,"moderate intensity"
82.5569976785633,"moderate intensity"
72.6164581122741,"moderate intensity"
47.2895880493407,"moderate intensity"
59.7721606189825,"moderate intensity"
54.9038120432067,"moderate intensity"
89.2291570573896,"moderate intensity"
56.4649120051984,"moderate intensity"
72.901878720096,"moderate intensity"
54.3378562303569,"moderate intensity"
75.8591790773025,"moderate intensity"
73.9433947561305,"moderate intensity"
67.9260938472804,"moderate intensity"
78.909505721905,"moderate intensity"
83.5698242071238,"moderate intensity"
69.101165972024,"moderate intensity"
70.5940307211313,"moderate intensity"
88.9784332775935,"moderate intensity"
62.3716890420766,"moderate intensity"
69.1967294269843,"moderate intensity"
73.1308939674252,"moderate intensity"
76.4242931991791,"moderate intensity"
88.2917974326314,"moderate intensity"
80.818708193642,"moderate intensity"
34.6671628828886,"moderate intensity"
53.5556005717927,"moderate intensity"
84.7177665194824,"moderate intensity"
78.9083096504699,"moderate intensity"
68.6698043375703,"moderate intensity"
67.0402190261023,"moderate intensity"
58.6222822503968,"moderate intensity"
67.4126169390142,"moderate intensity"
63.1457446445147,"moderate intensity"
69.0851210674426,"moderate intensity"
78.8798986976137,"moderate intensity"
71.6921229651711,"moderate intensity"
83.713234498772,"moderate intensity"
77.5441873243486,"moderate intensity"
71.2768795305813,"moderate intensity"
63.1890933982655,"moderate intensity"
76.8458391187523,"moderate intensity"
85.1859487498942,"moderate intensity"
66.6798878361245,"moderate intensity"
67.963838879696,"moderate intensity"
60.1555119354617,"moderate intensity"
66.4401020227097,"moderate intensity"
69.0543229313694,"moderate intensity"
73.5090103707786,"moderate intensity"
53.6497540995339,"control"
67.4776292858132,"control"
72.4990443071988,"control"
70.2265417194948,"control"
71.916999590938,"control"
68.7064155561795,"control"
71.2351407191616,"control"
69.8947547472095,"control"
76.3414456606889,"control"
79.689760549632,"control"
76.4362560082113,"control"
67.693878061111,"control"
70.6804025569642,"control"
83.445675121832,"control"
82.8408423150045,"control"
78.6809129502461,"control"
87.7657999903479,"control"
64.5438211401994,"control"
60.3063270701484,"control"
68.0103042416713,"control"
74.8885215186323,"control"
62.5732812116504,"control"
53.1010503251188,"control"
75.9186337958933,"control"
55.8037012373029,"control"
52.9446826995641,"control"
74.1859300296835,"control"
56.101871171822,"control"
76.5355820738782,"control"
68.0568816783394,"control"
82.7447128440794,"control"
52.7396314130402,"control"
67.032578909837,"control"
69.324798981546,"control"
70.8296437477497,"control"
62.1461288780879,"control"
75.8965147882817,"control"
79.3502998229789,"control"
71.6852241694121,"control"
85.9856029340497,"control"
76.7985773451286,"control"
80.1406649419267,"control"
55.4576470284429,"control"
79.103363593575,"control"
65.8520782245259,"control"
81.0357295381888,"control"
84.9603385201881,"control"
63.6964749125199,"control"
61.9643058071259,"control"
63.8964487758611,"control"
78.6107682848958,"control"
66.0112913749892,"control"
59.9428679537427,"control"
79.905427660284,"control"
65.3094262479888,"control"
76.6568680312934,"control"
63.6838644681711,"control"
74.9120540357032,"control"
87.9870785276115,"control"
63.7933100642793,"control"
70.3341723527961,"control"
58.2776041342883,"control"
82.3937764279683,"control"
74.264215540787,"control"
76.5523659900685,"control"
55.3491347091745,"control"
69.0452865255633,"control"
96.7780465668681,"control"
70.5764142292468,"control"
65.4198379887994,"control"
85.5982576433528,"control"
69.5009918460255,"control"
72.8612391569839,"control"
83.6900031630254,"control"
83.0423597278671,"control"
83.3863766632208,"control"
52.0072179064119,"control"
73.5429735130797,"control"
69.3713125922564,"control"
74.4144481886466,"control"
74.7052875706327,"control"
62.1337721281403,"control"
75.7014361253508,"control"
70.1996264664826,"control"
59.6443641011368,"control"
82.968238577953,"control"
65.7301714456522,"control"
51.495668802934,"control"
54.55745014174,"control"
81.0925469984953,"control"
77.0860383230642,"control"
78.2062483875166,"control"
73.8826805329574,"control"
71.4481523199176,"control"
84.5634726257271,"control"
71.5099750934264,"control"
51.8669169861961,"control"
68.3692173984078,"control"
60.2905913364517,"control"
69.94560682105,"control"
80.2821928210349,"control"
91.4707828399472,"control"
69.5647725120848,"control"
59.9097754419158,"control"
77.0176641364111,"control"
64.0643469086151,"control"
71.9502446946089,"control"
38.0517603986387,"control"
78.8381719162597,"control"
68.8922541607196,"control"
74.0306665280324,"control"
75.6317976509823,"control"
72.9438343970126,"control"
59.8027806349171,"control"
81.6662424878648,"control"
78.1301252265389,"control"
79.1918088883053,"control"
68.6592754104462,"control"
59.2186274123216,"control"
77.1597731234622,"control"
60.4961090833224,"control"
63.5667684573613,"control"
74.1014286088654,"control"
83.3951300101933,"control"
73.5448007583795,"control"
80.7584387817481,"control"
84.7638170904319,"control"
49.1017863594698,"control"
68.0859760714127,"control"
81.5802035716699,"control"
81.2714705370535,"control"
67.9601608274533,"control"
70.9722045823333,"control"
62.9853358185787,"control"
71.4379058658113,"control"
54.5604111936749,"control"
71.8303135727303,"control"
91.4733568312173,"control"
72.6351629683586,"control"
69.26266849491,"control"
55.6255898888574,"control"
70.3902002899216,"control"
65.9662750047769,"control"
71.5715128451149,"control"
71.43925124108,"control"
71.2010594510877,"control"
69.9232844758287,"control"
91.8488555634246,"control"
81.9897371683479,"control"
70.9686490923443,"control"
86.3479351321762,"control"
73.7112202636303,"control"
73.9553079913095,"control"
67.0737149552313,"control"
85.3715771382242,"control"
84.2908720855353,"control"
97.672050789696,"control"
70.341673476302,"control"
68.2331547140296,"control"
67.5323054141475,"control"
82.9536361916095,"control"
66.701511576232,"control"
73.0539800937792,"control"
59.1544768026795,"control"
72.1637492116009,"control"
59.598716059037,"control"
80.1015046024935,"control"
65.0702290199159,"control"
72.8169811712635,"control"
76.8089407608321,"control"
63.5325376494047,"control"
68.7024620117875,"control"
72.1894512321643,"control"
95.535678948073,"control"
64.6295184779555,"control"
81.4088737999361,"control"
77.6357920095668,"control"
60.8825746989825,"control"
68.6202633290641,"control"
57.8763834704916,"control"
76.3396101791273,"control"
73.2558508749932,"control"
60.7389409610171,"control"
68.5082530739329,"control"
68.6350914029267,"control"
83.3634992841524,"control"
91.7863196040283,"control"
60.9886383365003,"control"
61.0525853498699,"control"
59.408928499773,"control"
80.3784178425375,"control"
72.1525376969374,"control"
67.6855331144211,"control"
62.2519167828951,"control"
56.2825731591749,"control"
66.4651293650087,"control"
99.1906567949929,"control"
77.219447875995,"control"
63.1338998654949,"control"
74.8312665553181,"control"
72.7710977554108,"control"
67.6681483131865,"control"
70.6080736166206,"control"
66.1786896956432,"control"
76.9865035102054,"control"
73.4326120001309,"control"
65.9230907818064,"control"
73.2596133779235,"control"
81.8808075128249,"control"
68.5970604256599,"control"
68.1869982691463,"control"
81.5030771957118,"control"
59.3482278049983,"control"
64.9036438741518,"control"
74.3381679679817,"control"
60.6324028202632,"control"
89.1316088159719,"control"
83.2625539710402,"control"
65.2601618017997,"control"
59.3315518910755,"control"
78.7114681571513,"control"
70.0088234200453,"control"
85.9208273915981,"control"
64.8786856770371,"control"
63.3634009838779,"control"
58.1018122881659,"control"
83.9408529713205,"control"
58.3702346884702,"control"
74.3063820153544,"control"
62.7962041445191,"control"
51.9521052871911,"control"
80.7638379095287,"control"
55.6857588127708,"control"
79.8152986576309,"control"
50.7420475417516,"control"
70.7675868047045,"control"
74.4828371246646,"control"
75.8316854369877,"control"
75.2007231908382,"control"
78.0936813265822,"control"
83.7651821484532,"control"
84.4516241524777,"control"
93.1942272156325,"control"
66.4358003277137,"control"
62.7259458047888,"control"
63.7811319960736,"control"
59.1901071410713,"control"
76.2554186362654,"control"
64.403044327868,"control"
82.5800185313287,"control"
76.7825481848839,"control"
76.9837939796583,"control"
81.3670312362341,"control"
48.9793285134953,"control"
57.8891924700122,"control"
70.0198986871489,"control"
69.2601118407653,"control"
95.5153183300462,"control"
76.9131697378734,"control"
82.0421716120094,"control"
90.8307540534301,"control"
85.5020613760824,"control"
79.1617584886833,"control"
73.6990690196713,"control"
63.2972215540172,"control"
77.6703619066124,"control"
71.3155405983454,"control"
75.8082120279091,"control"
67.9312036891072,"control"
82.6743389922239,"control"
39.5582280380771,"control"
56.4779934122401,"control"
77.1396700116262,"control"
65.3323441375456,"control"
61.2830469566135,"control"
64.3061616929402,"control"
76.0899345157912,"control"
82.712813639643,"control"
79.788112862171,"control"
74.1460833779186,"control"
67.7896739923161,"control"
78.6023235357483,"control"
63.1773691160953,"control"
69.6445918383977,"control"
73.4917820052142,"control"
61.5839710131586,"control"
69.7242009502899,"control"
81.2025675118764,"control"
73.4610269351414,"control"
81.8987165584193,"control"
68.7457337995418,"control"
88.1689810306089,"control"
66.9709188932208,"control"
86.8807440057135,"control"
85.5137895905873,"control"
82.358449195437,"control"
92.658971450653,"control"
62.6778136984939,"control"
61.7543661162349,"control"
76.0617657637656,"control"
54.2196614013402,"control"
55.8713561854073,"control"
58.4379501263894,"control"
59.3973750696516,"control"
66.1599189176116,"control"
71.2239482955341,"control"
85.179616887431,"control"
76.8663019384425,"control"
62.7820183135916,"control"
58.4280808299977,"control"
62.2580352811241,"control"
72.177135624034,"control"
55.952427223728,"control"
84.4908670884807,"control"
74.3456765643239,"control"
64.0844271485744,"control"
53.9887133466859,"control"
81.3784057700113,"control"
84.7360826154531,"control"
64.5966855713169,"control"
68.2470820994876,"control"
68.156265418534,"control"
63.3403868477683,"control"
67.4379463863595,"control"
70.8650051674524,"control"
84.7165066072879,"control"
73.2292108709783,"control"
91.4874929800705,"control"
67.4838136401552,"control"
96.5109657829547,"control"
72.8752739141578,"control"
76.0324657958051,"control"
62.1284152426453,"control"
55.4281547406248,"control"
79.1079458587542,"control"
73.18916770067,"control"
52.6856521422276,"control"
64.1682768378545,"control"
65.3524744901403,"control"
53.4686362222744,"control"
62.4116747757485,"control"
85.6734967199639,"control"
69.1094738508658,"control"
77.4095041266048,"control"
75.363854253751,"control"
73.0439171996766,"control"
73.296039599107,"control"
78.1456237418707,"control"
74.1316371771302,"control"
75.4993217151232,"control"
75.2961893060267,"control"
70.2749495829495,"control"
86.5802962855288,"control"
97.1344008551534,"control"
66.8661619972707,"control"
64.3328986358098,"control"
70.3521651716032,"control"
69.2188642707918,"control"
77.3493267222074,"control"
65.998409309193,"control"
68.6681229407542,"control"
60.2938636906269,"control"
75.079534641691,"control"
68.7158796662398,"control"
75.9303425394781,"control"
74.7608976366201,"control"
67.0794009987219,"control"
84.0875565498593,"control"
65.184979048202,"control"
76.9654518465,"control"
64.670408535692,"control"
57.664144513036,"control"
76.113181600662,"control"
83.0214735474787,"control"
79.8161690867254,"control"
70.5485744178497,"control"
78.2628754035897,"control"
82.029410853504,"control"
50.0117405219032,"control"
67.9719268986177,"control"
70.6639417284304,"control"
64.9554906272923,"control"
82.6124421073694,"control"
73.977481495752,"control"
60.6901385209768,"control"
64.6279109867004,"control"
59.1888302763237,"control"
73.5187870892966,"control"
71.9175922809025,"control"
66.5041975921102,"control"
60.0262413651104,"control"
67.2114266224887,"control"
75.2634833886502,"control"
74.0052860839632,"control"
64.4099577262754,"control"
80.7352547828704,"control"
80.9694462258288,"control"
55.0766718966606,"control"
68.6671365512668,"control"
68.1304032587542,"control"
72.1108195275705,"control"
69.1129235122955,"control"
76.2898513453917,"control"
57.0412688853659,"control"
73.3383132978006,"control"
76.4592099067836,"control"
72.1936294063676,"control"
69.890455729069,"control"
74.2885671424421,"control"
84.2031355220177,"control"
74.8163600618226,"control"
41.3521542574865,"control"
81.9396610522738,"control"
59.0088663038381,"control"
69.1949271926165,"control"
61.833384411032,"control"
72.7654355559674,"control"
88.0911389430404,"control"
67.4115121791106,"control"
69.5013119844406,"control"
84.3366007491897,"control"
78.7820738064589,"control"
74.5446495716696,"control"
86.0903047135694,"control"
71.3661678938067,"control"
69.9114761076829,"control"
57.4037456607312,"control"
65.1448876264843,"control"
65.3899578122116,"control"
73.4455591807431,"control"
70.473049739665,"control"
60.4997238619051,"control"
62.5866077598356,"control"
68.0980971033302,"control"
61.9734511616245,"control"
77.4819126152405,"control"
74.6251600798817,"control"
74.8001211334128,"control"
58.4019243516984,"control"
63.7331844146311,"control"
78.8565819215277,"control"
71.8681459650524,"control"
78.8011173068875,"control"
56.9936868720634,"control"
68.5550911651806,"control"
75.3689646008727,"control"
75.0798287207773,"control"
63.3979210308309,"control"
63.8895676199802,"control"
66.9553732781063,"control"
77.6688804096046,"control"
76.5660530473709,"control"
63.7301799135625,"control"
61.7487568842516,"control"
62.6238092421654,"control"
67.8969621915633,"control"
61.7570280723923,"control"
64.3754768721044,"control"
71.5931143153349,"control"
69.170740816675,"control"
73.7588541776664,"control"
70.4870003425658,"control"
66.3077359505589,"control"
88.8727528904708,"control"
76.5840615197521,"control"
88.9404884549055,"control"
71.4440265831472,"control"
63.1004090465518,"control"
76.8727884864966,"control"
69.762423620969,"control"
70.0305171548732,"control"
67.3750262403574,"control"
58.9547874391405,"control"
68.308696236357,"control"
61.4165555431861,"control"
83.2899182617141,"control"
58.8064347917239,"control"
75.3511937647501,"control"
65.7589321134635,"control"
70.8342190422559,"control"
93.7646956734035,"control"
80.5799865315004,"control"
72.8369384296207,"control"
63.8196129605828,"control"
75.4884182921839,"control"
63.3548364470661,"control"
52.9049766736029,"control"
65.4522141251173,"control"
89.5755017178804,"control"
85.3383326901368,"control"
63.0881235447488,"control"
71.0861036202168,"control"
63.4006443792123,"control"
71.6464288644537,"control"
62.3344762520255,"control"
56.04588625446,"control"
83.5185248087296,"control"
74.1662368470181,"control"
73.1866949098967,"control"
66.6151930375072,"control"
68.4165774776049,"control"
63.2331850806011,"control"
90.8801476945267,"control"
98.4988835142354,"control"
63.4284547461546,"control"
73.5211381822616,"control"
73.1756593039952,"control"
76.1924104891713,"control"
60.7135297575605,"control"
88.871906637953,"control"
68.4335488716692,"control"
85.5915370666693,"control"
70.0732659051875,"control"
67.9198482078771,"control"
66.5474690979765,"control"
71.3241036082568,"control"
73.5508434884421,"control"
59.8870203547049,"control"
68.4561708398488,"control"
93.4983030705508,"control"
65.5966124324275,"control"
85.3091558028094,"control"
